Carson Palmer,Kareem Hunt,Todd Gurley,Jermaine Kearse,J.J. Nelson,Will Fuller,George Kittle,Leonard Fournette,Mia,49800
Carson Palmer,Kareem Hunt,Todd Gurley,Will Fuller,Jermaine Kearse,J.J. Nelson,George Kittle,Leonard Fournette,Mia,49800
Carson Palmer,Kareem Hunt,Todd Gurley,Will Fuller,J.J. Nelson,Jermaine Kearse,George Kittle,Leonard Fournette,Mia,49800
Carson Palmer,Kareem Hunt,Todd Gurley,Jermaine Kearse,J.J. Nelson,Will Fuller,Austin Hooper,Leonard Fournette,Mia,49900
Carson Palmer,Kareem Hunt,Todd Gurley,Will Fuller,Jermaine Kearse,J.J. Nelson,Austin Hooper,Leonard Fournette,Mia,49900
Carson Palmer,Kareem Hunt,Todd Gurley,Will Fuller,J.J. Nelson,Jermaine Kearse,Austin Hooper,Leonard Fournette,Mia,49900
Carson Palmer,Kareem Hunt,Todd Gurley,Jermaine Kearse,J.J. Nelson,Will Fuller,David Njoku,Leonard Fournette,Pit,50000
Carson Palmer,Kareem Hunt,Todd Gurley,Will Fuller,Jermaine Kearse,J.J. Nelson,David Njoku,Leonard Fournette,Pit,50000
Carson Palmer,Kareem Hunt,Todd Gurley,Will Fuller,J.J. Nelson,Jermaine Kearse,David Njoku,Leonard Fournette,Pit,50000
Carson Palmer,Kareem Hunt,Todd Gurley,Jermaine Kearse,J.J. Nelson,Will Fuller,Coby Fleener,Leonard Fournette,Det,50000
Carson Palmer,Kareem Hunt,Todd Gurley,Will Fuller,Jermaine Kearse,J.J. Nelson,Coby Fleener,Leonard Fournette,Det,50000
Carson Palmer,Kareem Hunt,Todd Gurley,Will Fuller,J.J. Nelson,Jermaine Kearse,Coby Fleener,Leonard Fournette,Det,50000
Carson Palmer,Kareem Hunt,Todd Gurley,Jermaine Kearse,J.J. Nelson,Will Fuller,David Njoku,Leonard Fournette,Det,49800
Carson Palmer,Kareem Hunt,Todd Gurley,Will Fuller,Jermaine Kearse,J.J. Nelson,David Njoku,Leonard Fournette,Det,49800
Carson Palmer,Kareem Hunt,Todd Gurley,Will Fuller,J.J. Nelson,Jermaine Kearse,David Njoku,Leonard Fournette,Det,49800
Carson Palmer,Kareem Hunt,Todd Gurley,Jermaine Kearse,J.J. Nelson,Will Fuller,Jesse James,Leonard Fournette,Det,49900
Carson Palmer,Kareem Hunt,Todd Gurley,Will Fuller,Jermaine Kearse,J.J. Nelson,Jesse James,Leonard Fournette,Det,49900
Carson Palmer,Kareem Hunt,Todd Gurley,Will Fuller,J.J. Nelson,Jermaine Kearse,Jesse James,Leonard Fournette,Det,49900
Carson Palmer,Kareem Hunt,Todd Gurley,Jermaine Kearse,J.J. Nelson,Will Fuller,Coby Fleener,Leonard Fournette,Mia,49600
Carson Palmer,Kareem Hunt,Todd Gurley,Will Fuller,Jermaine Kearse,J.J. Nelson,Coby Fleener,Leonard Fournette,Mia,49600
Carson Palmer,Kareem Hunt,Todd Gurley,Will Fuller,J.J. Nelson,Jermaine Kearse,Coby Fleener,Leonard Fournette,Mia,49600
Carson Palmer,Kareem Hunt,Todd Gurley,Jermaine Kearse,J.J. Nelson,Will Fuller,David Njoku,Leonard Fournette,Mia,49400
Carson Palmer,Kareem Hunt,Todd Gurley,Will Fuller,Jermaine Kearse,J.J. Nelson,David Njoku,Leonard Fournette,Mia,49400
Carson Palmer,Kareem Hunt,Todd Gurley,Will Fuller,J.J. Nelson,Jermaine Kearse,David Njoku,Leonard Fournette,Mia,49400
Carson Palmer,Kareem Hunt,Todd Gurley,Jermaine Kearse,J.J. Nelson,Will Fuller,Jesse James,Leonard Fournette,Mia,49500
Carson Palmer,Kareem Hunt,Todd Gurley,Will Fuller,Jermaine Kearse,J.J. Nelson,Jesse James,Leonard Fournette,Mia,49500
Carson Palmer,Kareem Hunt,Todd Gurley,Will Fuller,J.J. Nelson,Jermaine Kearse,Jesse James,Leonard Fournette,Mia,49500
Carson Palmer,Kareem Hunt,Todd Gurley,Jermaine Kearse,J.J. Nelson,Will Fuller,Martellus Bennett,Leonard Fournette,Mia,50000
Carson Palmer,Kareem Hunt,Todd Gurley,Will Fuller,Jermaine Kearse,J.J. Nelson,Martellus Bennett,Leonard Fournette,Mia,50000
Carson Palmer,Kareem Hunt,Todd Gurley,Will Fuller,J.J. Nelson,Jermaine Kearse,Martellus Bennett,Leonard Fournette,Mia,50000
Carson Palmer,Kareem Hunt,Todd Gurley,Jermaine Kearse,J.J. Nelson,Will Fuller,Zach Miller,Leonard Fournette,Pit,49900
Carson Palmer,Kareem Hunt,Todd Gurley,Will Fuller,Jermaine Kearse,J.J. Nelson,Zach Miller,Leonard Fournette,Pit,49900
Carson Palmer,Kareem Hunt,Todd Gurley,Will Fuller,J.J. Nelson,Jermaine Kearse,Zach Miller,Leonard Fournette,Pit,49900
Carson Palmer,Kareem Hunt,Todd Gurley,Larry Fitzgerald,Will Fuller,Jermaine Kearse,Cameron Brate,Chris Thompson,Mia,49700
Carson Palmer,Kareem Hunt,Todd Gurley,Jermaine Kearse,J.J. Nelson,Will Fuller,George Kittle,Leonard Fournette,NYJ,49900
Carson Palmer,Kareem Hunt,Todd Gurley,Will Fuller,Jermaine Kearse,J.J. Nelson,George Kittle,Leonard Fournette,NYJ,49900
Carson Palmer,Kareem Hunt,Todd Gurley,Will Fuller,J.J. Nelson,Jermaine Kearse,George Kittle,Leonard Fournette,NYJ,49900
Carson Palmer,Kareem Hunt,Todd Gurley,Jermaine Kearse,J.J. Nelson,Will Fuller,Austin Hooper,Leonard Fournette,NYJ,50000
Carson Palmer,Kareem Hunt,Todd Gurley,Will Fuller,Jermaine Kearse,J.J. Nelson,Austin Hooper,Leonard Fournette,NYJ,50000
Carson Palmer,Kareem Hunt,Todd Gurley,Will Fuller,J.J. Nelson,Jermaine Kearse,Austin Hooper,Leonard Fournette,NYJ,50000
Carson Palmer,Kareem Hunt,Todd Gurley,Jermaine Kearse,J.J. Nelson,Will Fuller,Zach Miller,Leonard Fournette,Det,49700
Carson Palmer,Kareem Hunt,Todd Gurley,Will Fuller,Jermaine Kearse,J.J. Nelson,Zach Miller,Leonard Fournette,Det,49700
Carson Palmer,Kareem Hunt,Todd Gurley,Will Fuller,J.J. Nelson,Jermaine Kearse,Zach Miller,Leonard Fournette,Det,49700
Carson Palmer,Kareem Hunt,Todd Gurley,Jermaine Kearse,J.J. Nelson,Will Fuller,Coby Fleener,Leonard Fournette,Cle,49900
Carson Palmer,Kareem Hunt,Todd Gurley,Will Fuller,Jermaine Kearse,J.J. Nelson,Coby Fleener,Leonard Fournette,Cle,49900
Carson Palmer,Kareem Hunt,Todd Gurley,Will Fuller,J.J. Nelson,Jermaine Kearse,Coby Fleener,Leonard Fournette,Cle,49900
Carson Palmer,Kareem Hunt,Todd Gurley,Jermaine Kearse,J.J. Nelson,Will Fuller,George Kittle,Leonard Fournette,SF,50000
Carson Palmer,Kareem Hunt,Todd Gurley,Will Fuller,Jermaine Kearse,J.J. Nelson,George Kittle,Leonard Fournette,SF,50000
Carson Palmer,Kareem Hunt,Todd Gurley,Will Fuller,J.J. Nelson,Jermaine Kearse,George Kittle,Leonard Fournette,SF,50000
Carson Palmer,Kareem Hunt,Todd Gurley,Jermaine Kearse,J.J. Nelson,Michael Crabtree,David Njoku,Leonard Fournette,Mia,50000
Carson Palmer,Kareem Hunt,Todd Gurley,Michael Crabtree,Jermaine Kearse,J.J. Nelson,David Njoku,Leonard Fournette,Mia,50000
Carson Palmer,Kareem Hunt,Todd Gurley,Michael Crabtree,J.J. Nelson,Jermaine Kearse,David Njoku,Leonard Fournette,Mia,50000
Carson Palmer,Kareem Hunt,Todd Gurley,Jermaine Kearse,J.J. Nelson,Will Fuller,David Njoku,Leonard Fournette,Cle,49700
Carson Palmer,Kareem Hunt,Todd Gurley,Will Fuller,Jermaine Kearse,J.J. Nelson,David Njoku,Leonard Fournette,Cle,49700
Carson Palmer,Kareem Hunt,Todd Gurley,Will Fuller,J.J. Nelson,Jermaine Kearse,David Njoku,Leonard Fournette,Cle,49700
Carson Palmer,Kareem Hunt,Todd Gurley,Jermaine Kearse,J.J. Nelson,Will Fuller,Jesse James,Leonard Fournette,Cle,49800
Carson Palmer,Kareem Hunt,Todd Gurley,Will Fuller,Jermaine Kearse,J.J. Nelson,Jesse James,Leonard Fournette,Cle,49800
Carson Palmer,Kareem Hunt,Todd Gurley,Will Fuller,J.J. Nelson,Jermaine Kearse,Jesse James,Leonard Fournette,Cle,49800
Carson Palmer,Kareem Hunt,Todd Gurley,Jermaine Kearse,J.J. Nelson,Will Fuller,Zach Miller,Leonard Fournette,Mia,49300
Carson Palmer,Kareem Hunt,Todd Gurley,Will Fuller,Jermaine Kearse,J.J. Nelson,Zach Miller,Leonard Fournette,Mia,49300
Carson Palmer,Kareem Hunt,Todd Gurley,Will Fuller,J.J. Nelson,Jermaine Kearse,Zach Miller,Leonard Fournette,Mia,49300
Carson Palmer,Kareem Hunt,Todd Gurley,Jermaine Kearse,J.J. Nelson,Will Fuller,Coby Fleener,Leonard Fournette,NYJ,49700
Carson Palmer,Kareem Hunt,Todd Gurley,Will Fuller,Jermaine Kearse,J.J. Nelson,Coby Fleener,Leonard Fournette,NYJ,49700
Carson Palmer,Kareem Hunt,Todd Gurley,Will Fuller,J.J. Nelson,Jermaine Kearse,Coby Fleener,Leonard Fournette,NYJ,49700
Carson Palmer,Kareem Hunt,Todd Gurley,Jermaine Kearse,J.J. Nelson,Will Fuller,Benjamin Watson,Leonard Fournette,Mia,49700
Carson Palmer,Kareem Hunt,Todd Gurley,Will Fuller,Jermaine Kearse,J.J. Nelson,Benjamin Watson,Leonard Fournette,Mia,49700
Carson Palmer,Kareem Hunt,Todd Gurley,Will Fuller,J.J. Nelson,Jermaine Kearse,Benjamin Watson,Leonard Fournette,Mia,49700
Carson Palmer,Kareem Hunt,Todd Gurley,Larry Fitzgerald,Will Fuller,Jermaine Kearse,Cameron Brate,Chris Thompson,Cle,50000
Carson Palmer,Kareem Hunt,Todd Gurley,Will Fuller,J.J. Nelson,Cooper Kupp,Austin Seferian-Jenkins,Leonard Fournette,Mia,49900
Carson Palmer,Kareem Hunt,Todd Gurley,Jermaine Kearse,J.J. Nelson,Will Fuller,David Njoku,Leonard Fournette,NYJ,49500
Carson Palmer,Kareem Hunt,Todd Gurley,Will Fuller,Jermaine Kearse,J.J. Nelson,David Njoku,Leonard Fournette,NYJ,49500
Carson Palmer,Kareem Hunt,Todd Gurley,Will Fuller,J.J. Nelson,Jermaine Kearse,David Njoku,Leonard Fournette,NYJ,49500
Carson Palmer,Kareem Hunt,Todd Gurley,Jermaine Kearse,J.J. Nelson,Will Fuller,Jesse James,Leonard Fournette,NYJ,49600
Carson Palmer,Kareem Hunt,Todd Gurley,Will Fuller,Jermaine Kearse,J.J. Nelson,Jesse James,Leonard Fournette,NYJ,49600
Carson Palmer,Kareem Hunt,Todd Gurley,Will Fuller,J.J. Nelson,Jermaine Kearse,Jesse James,Leonard Fournette,NYJ,49600
Carson Palmer,Kareem Hunt,Todd Gurley,Larry Fitzgerald,Will Fuller,Jermaine Kearse,Cameron Brate,Chris Thompson,NYJ,49800
Carson Palmer,Kareem Hunt,Todd Gurley,Larry Fitzgerald,Will Fuller,Jermaine Kearse,George Kittle,Chris Thompson,Pit,49800
Carson Palmer,Kareem Hunt,Todd Gurley,Will Fuller,J.J. Nelson,Allen Hurns,Cameron Brate,Leonard Fournette,Mia,49800
Carson Palmer,Kareem Hunt,Todd Gurley,Jermaine Kearse,J.J. Nelson,Will Fuller,Coby Fleener,Leonard Fournette,SF,49800
Carson Palmer,Kareem Hunt,Todd Gurley,Will Fuller,Jermaine Kearse,J.J. Nelson,Coby Fleener,Leonard Fournette,SF,49800
Carson Palmer,Kareem Hunt,Todd Gurley,Will Fuller,J.J. Nelson,Jermaine Kearse,Coby Fleener,Leonard Fournette,SF,49800
Carson Palmer,Kareem Hunt,Todd Gurley,Larry Fitzgerald,Will Fuller,Jermaine Kearse,Austin Hooper,Chris Thompson,Pit,49900
Deshaun Watson,Kareem Hunt,Todd Gurley,Jermaine Kearse,J.J. Nelson,Will Fuller,David Njoku,Leonard Fournette,Mia,50000
Deshaun Watson,Kareem Hunt,Todd Gurley,Will Fuller,Jermaine Kearse,J.J. Nelson,David Njoku,Leonard Fournette,Mia,50000
Deshaun Watson,Kareem Hunt,Todd Gurley,Will Fuller,J.J. Nelson,Jermaine Kearse,David Njoku,Leonard Fournette,Mia,50000
Carson Palmer,Kareem Hunt,Todd Gurley,Jermaine Kearse,J.J. Nelson,Michael Crabtree,Zach Miller,Leonard Fournette,Mia,49900
Carson Palmer,Kareem Hunt,Todd Gurley,Michael Crabtree,Jermaine Kearse,J.J. Nelson,Zach Miller,Leonard Fournette,Mia,49900
Carson Palmer,Kareem Hunt,Todd Gurley,Michael Crabtree,J.J. Nelson,Jermaine Kearse,Zach Miller,Leonard Fournette,Mia,49900
Carson Palmer,Kareem Hunt,Todd Gurley,Larry Fitzgerald,Will Fuller,Jermaine Kearse,George Kittle,Chris Thompson,Det,49600
Carson Palmer,Kareem Hunt,Todd Gurley,Jermaine Kearse,J.J. Nelson,Will Fuller,Zach Miller,Leonard Fournette,Cle,49600
Carson Palmer,Kareem Hunt,Todd Gurley,Will Fuller,Jermaine Kearse,J.J. Nelson,Zach Miller,Leonard Fournette,Cle,49600
Carson Palmer,Kareem Hunt,Todd Gurley,Will Fuller,J.J. Nelson,Jermaine Kearse,Zach Miller,Leonard Fournette,Cle,49600
Carson Palmer,Kareem Hunt,Todd Gurley,Jermaine Kearse,J.J. Nelson,Will Fuller,David Njoku,Leonard Fournette,SF,49600
Carson Palmer,Kareem Hunt,Todd Gurley,Will Fuller,Jermaine Kearse,J.J. Nelson,David Njoku,Leonard Fournette,SF,49600
Carson Palmer,Kareem Hunt,Todd Gurley,Will Fuller,J.J. Nelson,Jermaine Kearse,David Njoku,Leonard Fournette,SF,49600
Carson Palmer,Kareem Hunt,Todd Gurley,Davante Adams,J.J. Nelson,Jermaine Kearse,David Njoku,Leonard Fournette,Mia,49900
Carson Palmer,Kareem Hunt,Todd Gurley,Jermaine Kearse,Davante Adams,J.J. Nelson,David Njoku,Leonard Fournette,Mia,49900
Carson Palmer,Kareem Hunt,Todd Gurley,Jermaine Kearse,J.J. Nelson,Davante Adams,David Njoku,Leonard Fournette,Mia,49900
Carson Palmer,Kareem Hunt,Todd Gurley,Jermaine Kearse,J.J. Nelson,Will Fuller,Jesse James,Leonard Fournette,SF,49700
Carson Palmer,Kareem Hunt,Todd Gurley,Will Fuller,Jermaine Kearse,J.J. Nelson,Jesse James,Leonard Fournette,SF,49700
